energy,std_error,variance,accept_rate,sem_energy,sem_std_error,sem_variance,sem_accept_rate,nparticles,dim,eta,scale,nvisible,nhidden,mcmc_alg,nsamples,training_cycles,training_batch
0.9974493481986176,0.00018688730557014157,0.00011552278379386993,0.4750823974609375,4.295918171208274e-05,3.628583404033035e-06,8.783154763398875e-07,0.001558763287660199,2.0,1.0,0.05,0.9,2.0,4.0,m,16384,100000.0,500.0
