max_iter,t_rwm_numpy,t_lmh_numpy,t_rwm_jax,t_lmh_jax
40000,2.6340270042419434,3.1042728424072266,3.509742021560669,10.003788948059082
