{"energy": 13.437231063842773, "_timestamp": 1717807995.9933052, "std": 5.245051383972168, "acc": 0.5404040404040404, "_runtime": 59.6697793006897, "_step": 539, "_wandb": {"runtime": 61}}