{"energy": 14.633420944213867, "_timestamp": 1717807718.742489, "std": 4.55074405670166, "acc": 0.4231292517006803, "_runtime": 3347.160548210144, "_step": 364, "_wandb": {"runtime": 3354}}