energy,std_error,variance,accept_rate,sem_energy,sem_std_error,sem_variance,sem_accept_rate,nparticles,dim,eta,scale,nvisible,nhidden,mcmc_alg,nqs_type,nsamples,training_cycles,training_batch,sr
3.2864252614745464,0.03636908084024827,2.5693337596144437,0.2528076171875,0.016389728545776694,0.00746365279468247,0.5288421748315006,0.0022029500426108553,2,2,0.05,1.0,4,4,m,rbm,16384,50000,1000,False
3.8295254760897013,0.03144264764390798,1.8747632011873043,0.34024810791015625,0.009008813287942634,0.0005524225192011565,0.08461695607491602,0.0018511419650789828,2,2,0.05,1.0,4,4,m,rbm,16384,50000,1000,True
