energy,std_error,variance,accept_rate,sem_energy,sem_std_error,sem_variance,sem_accept_rate,nparticles,dim,eta,scale,mcmc_alg,nqs_type,nsamples,training_cycles,training_batch,sr
3.286524093957845,1.0779232927755598e-05,2.1676020978134147e-09,1.0,8.965576772457239e-05,2.5522021234911902e-06,8.573808329970233e-10,0.0,2,2,0.1,1.3310000000000005e-06,m,,32768,200000,1000,False
