energy,std_error,variance,accept_rate,sem_energy,sem_std_error,sem_variance,sem_accept_rate,nparticles,dim,eta,scale,nvisible,nhidden,mcmc_alg,nsamples,training_cycles,training_batch,sr
3.7468455675410053,0.0017920192419764534,0.15241983813720816,0.6262502670288086,0.000365883724508618,8.326357998249236e-05,0.013245358285626271,0.0008045264587910364,2,3,0.01,1.0,6,4,lmh,262144,100000,5000,True
3.7930095444683687,0.002377591604274006,0.27159997000726,0.5930881500244141,0.0015552208364037143,2.952407550435294e-05,0.01097560347395132,0.0008868036231711129,2,3,0.01,1.0,6,4,lmh,262144,100000,5000,False
