energy,std_error,variance,accept_rate,sem_energy,sem_std_error,sem_variance,sem_accept_rate,nparticles,dim,eta,scale,mcmc_alg,nqs_type,nsamples,training_cycles,training_batch,sr
3.155495619036257,0.03594263010761549,2.903020152189239,0.27825164794921875,0.012167818818244079,0.005842750405199308,0.537543213904422,0.0009446683440364823,2,2,0.05,1.0,m,,16384,50000,1000,False
