energy,std_error,variance,accept_rate,sem_energy,sem_std_error,sem_variance,sem_accept_rate,nparticles,dim,eta,scale,mcmc_alg,nqs_type,nsamples,training_cycles,training_batch,sr
0.5144060690511794,0.0024233756451054905,0.09927315514096668,0.7880325317382812,0.0038855820049035756,0.0005407801848944451,0.017288019865952797,0.00023651123046874997,1,1,0.01,1,m,,65536,200000,1000,True
