energy,std_error,variance,accept_rate,sem_energy,sem_std_error,sem_variance,sem_accept_rate,nparticles,dim,eta,scale,mcmc_alg,nqs_type,nsamples,training_cycles,training_batch,sr
15.1526725091341,0.11615622009215294,8.358138389444377,0.059326171875,,,,,5,2,0.05,1.0,m,,16384,50000,1000,False
15.1526725091341,0.11615622009215294,8.358138389444377,0.059326171875,,,,,5,2,0.05,1.0,m,,16384,50000,1000,False
