energy,std_error,variance,accept_rate,sem_energy,sem_std_error,sem_variance,sem_accept_rate,nparticles,dim,eta,scale,nvisible,nhidden,mcmc_alg,nqs_type,nsamples,training_cycles,training_batch,sr
3.2897611350435185,0.010646270539641334,3.238453181303346,0.2595982551574707,0.004323021761516265,0.0011123153869622823,0.508828790125593,0.0004227536087053299,2,2,0.05,1.0,4,4,m,rbm,262144,50000,1000,False
3.0829908350205626,0.011449920198234709,4.678614686388211,0.3164401054382324,0.004580720688216073,0.0028619357592105455,1.9328536916524222,0.00011463928627946519,2,2,0.05,1.0,4,4,m,rbm,262144,50000,1000,True
