energy,std_error,variance,accept_rate,sem_energy,sem_std_error,sem_variance,sem_accept_rate,nparticles,dim,eta,scale,nvisible,nhidden,mcmc_alg,nqs_type,nsamples,training_cycles,training_batch,sr
2.024852769210333,0.004663883256644123,0.027755198965981664,0.25505828857421875,0.0016516063357688714,0.00014373022776208326,0.0008246464005734538,0.0016104426366067325,2,2,0.05,1.0,4,4,m,rbm,16384,50000,1000,False
2.0004024936784797,6.766721409018933e-05,5.796408193536884e-06,0.23937225341796875,1.7976992700402232e-05,1.5161355693486158e-06,1.4635357324358674e-07,0.0009865547618526243,2,2,0.05,1.0,4,4,m,rbm,16384,50000,1000,True
