energy,std_error,variance,accept_rate,sem_energy,sem_std_error,sem_variance,sem_accept_rate,nparticles,dim,eta,scale,nvisible,nhidden,mcmc_alg,nsamples,training_cycles,training_batch,sr
3.004576821952621,0.010109580270620927,0.010134677830493695,0.0019204275948660715,0.006843798728128334,0.0012323837948574473,0.0015314154701742547,0.00020386141849612182,2,3,0.01,3.0,6,4,m,65536,100000,5000,True
3.050750076012968,0.026599759570882796,0.08611779489522421,0.0022670200892857145,0.025069267759980206,0.0008977161343117489,0.004301211023326869,9.172557337041654e-05,2,3,0.01,3.0,6,4,m,65536,100000,5000,False
