energy,std_error,variance,accept_rate,sem_energy,sem_std_error,sem_variance,sem_accept_rate,nparticles,dim,eta,scale,mcmc_alg,nqs_type,nsamples,training_cycles,training_batch,sr
52.55455688308562,0.260660398986826,37.87672540434619,0.004924774169921875,0.09731153902298252,0.019006473168212967,5.727327890454191,0.00014909248882015658,10,2,0.05,1.0,m,,262144,50000,1000,False
51.32089437274899,0.22596603646368124,29.02733877926238,0.005055904388427734,0.13770409719542714,0.029124777783212492,6.6215249034796555,0.00018645796267160967,10,2,0.05,1.0,m,,262144,50000,1000,True
