energy,std_error,variance,accept_rate,sem_energy,sem_std_error,sem_variance,sem_accept_rate,nparticles,dim,eta,scale,mcmc_alg,nqs_type,nsamples,training_cycles,training_batch,sr
1.0642271280433624,0.0052098763156950105,0.7058788866850862,0.41912841796875,0.00466232073302053,0.0001355756432954414,0.000803215059503648,0.0007400512695312499,2,1,0.01,1,m,,131072,10000,100,False
