energy,std_error,variance,accept_rate,sem_energy,sem_std_error,sem_variance,sem_accept_rate,nparticles,dim,eta,scale,mcmc_alg,nqs_type,nsamples,training_cycles,training_batch,sr
0.9985531306382412,0.0007971503640297614,0.018912878087615603,0.4358348846435547,0.0007826787551556968,0.00021258936478406426,0.003763909710570112,0.0003833770751953125,2,1,0.01,1,m,,262144,100000,1000,True
