energy,std_error,variance,accept_rate,sem_energy,sem_std_error,sem_variance,sem_accept_rate,nparticles,dim,eta,scale,mcmc_alg,nqs_type,nsamples,training_cycles,training_batch,Opti
3.152420524328152,0.005410996596029753,2.5862578546294603,0.6761417388916016,0.00434017074735249,0.0009031639847831973,0.4472454155332279,0.0005817413330078125,2,2,0.01,1,lmh,,262144,50,50,Adam
