energy,std_error,variance,accept_rate,sem_energy,sem_std_error,sem_variance,sem_accept_rate,nparticles,dim,eta,scale,nvisible,nhidden,mcmc_alg,nsamples,training_cycles,training_batch
1.0111570810629902,0.001951284869731875,0.0607619364331885,0.11637306213378906,0.0008597275546297223,1.5802262671966625e-05,0.0003242783263009957,0.0005107814113205199,2.0,1.0,0.01,3.0,2.0,4.0,m,262144,100000.0,5000.0
