energy,std_error,variance,accept_rate,sem_energy,sem_std_error,sem_variance,sem_accept_rate,nparticles,dim,eta,scale,mcmc_alg,nqs_type,nsamples,training_cycles,training_batch,Opti
3.307513700171631,0.008475001131779857,2.854750234990325,0.2635688781738281,0.0032810439634662902,0.0001745235615356992,0.19307293571458573,0.000545501708984375,2,2,0.1,1,m,,262144,250,100,Adam
