energy,std_error,variance,accept_rate,sem_energy,sem_std_error,sem_variance,sem_accept_rate,nparticles,dim,eta,scale,mcmc_alg,nqs_type,nsamples,training_cycles,training_batch,sr
1.045213497702902,0.009096416112755674,0.24629702131360565,0.4320068359375,0.010568836014226313,0.001839268469694255,0.036987696893977844,0.00213623046875,2,1,0.01,1,m,,16384,5000,10,False
