energy,std_error,variance,accept_rate,sem_energy,sem_std_error,sem_variance,sem_accept_rate,nparticles,dim,eta,scale,mcmc_alg,nqs_type,nsamples,training_cycles,training_batch,sr
3.110573662197538,0.02956542967352635,1.6772417378607303,0.30255126953125,0.01957657998530693,0.002167903611567609,0.27127784155637347,0.001220703125,2,2,0.05,1.0,m,,16384,50000,16,False
