energy,std_error,variance,accept_rate,sem_energy,sem_std_error,sem_variance,sem_accept_rate,nparticles,dim,eta,scale,mcmc_alg,nqs_type,nsamples,training_cycles,training_batch,sr
1.5354027864428788,0.0033795989106639775,0.09278998757959855,0.351104736328125,0.004506923381592975,0.00013145977842553996,0.003420940557034457,0.0007476806640625,1,3,0.1,1.0,m,,65536,100000,10000,False
