energy,std_error,variance,accept_rate,sem_energy,sem_std_error,sem_variance,sem_accept_rate,nparticles,dim,eta,scale,mcmc_alg,nqs_type,nsamples,training_cycles,training_batch,sr
3.290251592192062,0.03193352460441516,2.2013750019884073,0.26317596435546875,0.013573342129819343,0.0045059224861358094,0.5233440581831239,0.0020460579611920795,2,2,0.05,1.0,m,,16384,50000,1000,False
