energy,std_error,variance,accept_rate,sem_energy,sem_std_error,sem_variance,sem_accept_rate,nparticles,dim,eta,scale,mcmc_alg,nqs_type,nsamples,training_cycles,training_batch,sr
10.0072260261082,0.011508869599148352,0.035573621087410245,0.005340576171875,0.0045069196956092255,0.00028309214847586396,0.00177255151073635,0.00013401948023280025,10,2,0.05,1.0,m,,131072,50000,1000,False
10.005170032934577,0.00738407788713166,0.01429901281716539,0.0050106048583984375,0.0022586635311496947,0.00027028835710621524,0.0006292435916278379,0.0002796452622984793,10,2,0.05,1.0,m,,131072,50000,1000,True
