energy,std_error,variance,accept_rate,sem_energy,sem_std_error,sem_variance,sem_accept_rate,nparticles,dim,eta,scale,mcmc_alg,nqs_type,nsamples,training_cycles,training_batch,sr
3.125399052827751,0.02391302064443296,1.9626885021239087,0.24102783203125,0.006235951659561367,0.003398505609673625,0.10735780480302459,0.0018920898437499998,2,2,0.1,1.124393539343246,m,,32768,200000,1000,False
