energy,std_error,variance,accept_rate,energy(error),nqs_type,n_particles,dim,batch_size,eta,training_cycles,nsamples,Opti,particle
1.0008762183894078,0.0009361086262580922,0.09153354894377186,0.5533905029296875,1.0009(9),ds,2,1,300,0.0007071067811865475,100,262144,sr,fermion_dots
