energy,std_error,variance,accept_rate,sem_energy,sem_std_error,sem_variance,sem_accept_rate,nparticles,dim,eta,scale,mcmc_alg,nqs_type,nsamples,training_cycles,training_batch,sr
55.34608263010473,0.4907859027022085,6.523105182573829,0.0028076171875,0.8229415289720476,0.060296008973938685,0.840235326600257,0.0006376431814586433,10,2,0.02,1.0,m,,2048,50000,1000,False
52.41098771885903,0.7392749167199136,12.399500723773258,0.00341796875,1.1525947354463708,0.12655199889159316,4.138528522297146,0.0009273671735706146,10,2,0.02,1.0,m,,2048,50000,1000,True
