energy,std_error,variance,accept_rate,sem_energy,sem_std_error,sem_variance,sem_accept_rate,nparticles,dim,eta,scale,mcmc_alg,nqs_type,nsamples,training_cycles,training_batch,Opti
3.3561534162497777,0.00636416801867583,1.3574926078914649,0.2831249237060547,0.00783578962928444,0.00014748958712467765,0.02162542251491306,0.0011005401611328125,2,2,0.01,1,m,,262144,50,50,Sr
