energy,std_error,variance,accept_rate,sem_energy,sem_std_error,sem_variance,sem_accept_rate,nparticles,dim,eta,scale,mcmc_alg,nqs_type,nsamples,training_cycles,training_batch,sr
3.294415544666597,0.06251269797335954,17.87258614677422,0.279296875,0.038209898580968675,0.03729138119367633,12.420312515581394,0.0002288818359375,2,2,0.1,1.0,m,,65536,100000,10000,False
