energy,std_error,variance,accept_rate,sem_energy,sem_std_error,sem_variance,sem_accept_rate,nparticles,dim,eta,scale,nvisible,nhidden,mcmc_alg,nsamples,training_cycles,training_batch
1.0011223889171372,0.0007043275043959037,0.006804991657608728,0.09988594055175781,0.0005394880145395063,1.1226762488448342e-05,4.907171152206047e-05,0.000395689422704235,2.0,1.0,0.05,3.0,2.0,4.0,m,262144,100000.0,5000.0
