energy,std_error,variance,accept_rate,sem_energy,sem_std_error,sem_variance,sem_accept_rate,nparticles,dim,eta,scale,mcmc_alg,nqs_type,nsamples,training_cycles,training_batch,Opti
<<<<<<< HEAD
3.0704202167790386,0.008610413781028439,3.1294865984604314,0.39199066162109375,,,,,2,2,0.1,1.0,m,,262144,5,200,Adam
=======
3.0704202167790386,0.008610413781028439,3.1294865984604314,0.39199066162109375,,,,,2,2,0.1,1.0,m,,262144,1000,200,Adam
>>>>>>> 99725e6609648ac49e39f54eb3e4669d6c888e8e
