energy,std_error,variance,accept_rate,sem_energy,sem_std_error,sem_variance,sem_accept_rate,nparticles,dim,eta,scale,mcmc_alg,nqs_type,nsamples,training_cycles,training_batch,Opti
3.204238584720712,0.008207066871577337,2.9184587365072443,0.41026782989501953,0.004084209270912418,0.0003418605701096396,0.3536385479269857,0.0005421644779493562,2,2,0.1,1.0,m,,262144,50000,200,Adam
