{"energy": 87398.91243997037, "_timestamp": 1701352543.698425, "grads": 7.748018044101287e-10, "_runtime": 2.9358651638031006, "_step": 10, "_wandb": {"runtime": 7}}