{"energy": 1.3193501913676757e+24, "_timestamp": 1717807863.483846, "std": Infinity, "acc": 0.616822429906542, "_runtime": 72.25664591789246, "_step": 460, "_wandb": {"runtime": 75}}