{"abs(energy - 3)": 87394.53282947761, "_timestamp": 1701441983.928977, "grads": 7.033035934911786e-07, "scale": 1, "_runtime": 1.7813029289245605, "_step": 3, "_wandb": {"runtime": 1}}